Rango de edad,Â¿Cuanto le gusta los siguientes tipos de visualizaciÃ³n? [Visualizaciones estÃ¡ticas (para imprimir)],Â¿Cuanto le gusta los siguientes tipos de visualizaciÃ³n? [Visualizaciones interactivas (para usar el mouse y realizar acciones)],Â¿Cuanto le gusta los siguientes tipos de visualizaciÃ³n? [Visualizaciones animadas (gift/videos)],Â¿Con cuantas visualizaciones se encuentra a la semana en los siguientes medios ? [TelevisiÃ³n],Â¿Con cuantas visualizaciones se encuentra a la semana en los siguientes medios ? [Redes Sociales],"Â¿Con cuantas visualizaciones se encuentra a la semana en los siguientes medios ? [Prensa Escrita (pÃ¡gina de noticia, periodico)]","Â¿Con quÃ© nÃºmero asocia ""Una maraqueta""?
Link a la imagen",Â¿EstaciÃ³n del aÃ±o favorita?,Â¿Cuantas pelÃ­culas o series has visto aproximadamente este aÃ±o?,Â¿Cuantos libros/papers/mangas distintos has leido aproximadamente este aÃ±o? No es necesario que los hayas terminado de leer,Â¿Cuanto es el mÃ¡ximo de completos que te has comido en un dÃ­a?,Â¿Cuanto veces aproximadamente has salido de fiesta este aÃ±o?,"El tamaÃ±o del cÃ­rculo de la izquierda representa el valor 1, a medida que aumenta el tamaÃ±o (Ã¡rea), el valor es mÃ¡s grande. Â¿QuÃ© valor crees que representa el cÃ­rculo de la derecha?","El largo de la barra de la izquierda representa el valor 1, a medida que aumenta el largo, el valor es mÃ¡s grande. Â¿QuÃ© valor crees que representa la barra de la derecha?","El color del circulo de la izquierda representa el valor 1, a medida que el color se vuelve mÃ¡s claro, el valor es mÃ¡s grande. Â¿QuÃ© valor crees que representa el cÃ­rculo de la derecha?",Â¿A quÃ© color asocia el curso de â€œMatemÃ¡ticasâ€ (piense en el forro de cuaderno del colegio)?,Â¿A quÃ© color asocia el curso de â€œLenguajeâ€ (piense en el forro de cuaderno del colegio)?,Conteste un animal cualquiera,Conteste con otro animal que estÃ© relacionado al que dijo en la pregunta anterior,Conteste con un tercer animal que estÃ© relacionado al que dijo justo antes,Tienes hobbies Â¿cuales?,Piense en una fecha que le guste,Â¿QuÃ© paÃ­s le gustarÃ­a visitar?,"Si tuviera que organizar una junta (de amigos, para ir al cine, de trabajo o cualquier tema) Â¿A quÃ© hora la harÃ­a?"
19 a 25 aÃ±os,No tengo opiniÃ³n,Me gustan demasiado,Me gusta,Ninguna,3 a 5,3 a 5,4,Invierno,4,3,5,40,10,3,7,Rojo,Azul,Delfin,Pez Globo,Pez Espada,"Programar, escalar e ir al gimnasio",9/10/2000,Dinamarca,9:00:00 p.Â m.
19 a 25 aÃ±os,Me es indiferente,Me gusta,Me gusta,1 o 2,3 a 5,3 a 5,3,Verano,8,12,6,20,4,3,3,Azul,Rojo,Gato,Perro,Conejo,skate,3/7/2022,JapÃ³n,11:00:00 p.Â m.
26 a 35 aÃ±os,No me gusta,Me gustan demasiado,Me gusta,1 o 2,3 a 5,1 o 2,4,Invierno,2,25,6,3,9,3,5,Azul,Rojo,Gato,Leon,Lince,"Dibujar, leer(cosas otaku generalmente), videojuegos de bajo rendimiento",1/8/2022,Tailandia,3:00:00 p.Â m.
19 a 25 aÃ±os,Me gusta,Me gusta,Me gusta,1 o 2,MÃ¡s de 6,1 o 2,4,Invierno,40,10,3,10,5,3,2,Rojo,Amarillo,Tigre,Gato,Puma,Ajedrez,14/3/1592,JapÃ³n,2:00:00 a.Â m.
19 a 25 aÃ±os,Me gusta,Me es indiferente,No tengo opiniÃ³n,Ninguna,3 a 5,Ninguna,3,Invierno,8,0,5,20,7,3,2,Azul,Verde,PiraÃ±a,TiburÃ³n,Pez payaso,Juegos de mesa y en menor medida videojuegos con grinds entretenidas,18/9/2022,,3:00:00 p.Â m.
19 a 25 aÃ±os,Me gusta,Me gustan demasiado,Me gustan demasiado,3 a 5,3 a 5,3 a 5,4,OtoÃ±o,6,4,5,3,25,3,4,Azul,Rojo,oso panda,oso polar,oso pardo,videojuegos,21/2/2022,JapÃ³n,8:00:00 p.Â m.
19 a 25 aÃ±os,Me gusta,Me gusta,Me gustan demasiado,3 a 5,MÃ¡s de 6,1 o 2,4,OtoÃ±o,20,300,4,12,13,3,60,Azul,Rojo,medusa,Estrella de mar,Esponja de mar,videojuegos,31/12/2022,JapÃ³n,8:00:00 p.Â m.
19 a 25 aÃ±os,Me gusta,Me gustan demasiado,Me gustan demasiado,No uso este medio,MÃ¡s de 6,3 a 5,3,Invierno,20,10,5,10,7,3,4,Azul,Verde,ardilla,oso,ciervo,"videojuegos, cocinar, mÃºsica",18/8/2022,islandia,6:00:00 a.Â m.
19 a 25 aÃ±os,No tengo opiniÃ³n,Me gusta,Me gusta,3 a 5,MÃ¡s de 6,Ninguna,4,Invierno,10,15,4,5,6,3,3,Azul,Rojo,Perro,Gato,Canario,Anime,12/2/2015,NuevaÂ Zelanda,6:00:00 p.Â m.
19 a 25 aÃ±os,No tengo opiniÃ³n,Me gusta,Me gusta,3 a 5,1 o 2,No uso este medio,3,Verano,100,14,4,3,5,3,8,Azul,Rojo,Lobo,Perro,Gato,"Leer, ver peliculas",17/8/2001,Italia,6:00:00 p.Â m.
19 a 25 aÃ±os,Me gustan demasiado,Me gustan demasiado,Me gusta,1 o 2,MÃ¡s de 6,No uso este medio,3,Verano,10,15,2,2,9,4,5,Rojo,Azul,Gato,Ocelote,Pantera,Leer,20/7/1969,Grecia,4:00:00 p.Â m.
19 a 25 aÃ±os,Me gusta,Me gustan demasiado,Me gustan demasiado,No uso este medio,MÃ¡s de 6,1 o 2,3,Primavera,20,8,2,25,9,3,5,Rojo,Rojo,PingÃ¼ino,oso polar,Oso Panda,"videojuegos, anime y voleyball",18/9/2022,JapÃ³n,8:00:00 p.Â m.
19 a 25 aÃ±os,No tengo opiniÃ³n,Me gustan demasiado,Me gusta,No uso este medio,MÃ¡s de 6,No uso este medio,4,Primavera,4,3,6,4,9,3,5,Azul,Rojo,Gato,Perro,canario,deporte,7/9/1999,EstadosÂ Unidos,8:00:00 p.Â m.
19 a 25 aÃ±os,Me es indiferente,Me gustan demasiado,Me gustan demasiado,3 a 5,1 o 2,MÃ¡s de 6,4,Verano,30,0,3,4,9,3,4,Azul,Rojo,Gato,tigre,LeÃ³n,"Tocar guitarra, cantar, videojuegos",9/5/2017,Inglaterra,6:00:00 p.Â m.
19 a 25 aÃ±os,Me gusta,Me gusta,Me gustan demasiado,3 a 5,MÃ¡s de 6,1 o 2,3,Verano,20,40,3,10,100,100,-100,Azul,Rojo,Perro,Tortuga,Pez,Leer comics,25/12/2000,EstadosÂ Unidos,6:30:00 p.Â m.
19 a 25 aÃ±os,Me es indiferente,Me gusta,Me gusta,No uso este medio,MÃ¡s de 6,3 a 5,4,Verano,69,3,5,10,9,3,5,Azul,Rojo,Perro,Gato,Perro,Pc,4/5/2022,EspaÃ±a,9:30:00 a.Â m.
19 a 25 aÃ±os,Me gusta,No tengo opiniÃ³n,Me gusta,No uso este medio,3 a 5,No uso este medio,4,Invierno,5,3,6,0,9,3,5,Azul,Rojo,carpincho,Rata,Rata,videojuegos,29/10/2018,,11:00:00 p.Â m.
19 a 25 aÃ±os,Me gusta,Me gustan demasiado,Me gustan demasiado,MÃ¡s de 6,MÃ¡s de 6,3 a 5,4,Verano,20,0,7,15,8,3,6,Azul,Rojo,hipopotamo,cocodrilo,serpiente,pintar,28/7/1969,Tailandia,6:33:00 p.Â m.
19 a 25 aÃ±os,Me gusta,Me gustan demasiado,Me gustan demasiado,Ninguna,MÃ¡s de 6,1 o 2,4,Verano,4,1,5,20,6,3,10,Verde,Rojo,serpiente,lagartija,CamaleÃ³n,cocinar,16/10/2001,brasil,10:00:00 p.Â m.
19 a 25 aÃ±os,Me gusta,No me gusta,Me gustan demasiado,No uso este medio,MÃ¡s de 6,1 o 2,4,Invierno,3,2,3,6,6,3,6,Azul,Rojo,Gato,Puma,caracal,series,8/9/1999,JapÃ³n,6:00:00 p.Â m.
19 a 25 aÃ±os,Me gusta,Me gustan demasiado,Me gustan demasiado,MÃ¡s de 6,3 a 5,No uso este medio,4,Primavera,5,2,2,10,16,5,3,Amarillo,Naranjo,Gato,leon,tigre,"gimnasio, musica",1/1/1111,Italia,5:00:00 p.Â m.
19 a 25 aÃ±os,No tengo opiniÃ³n,Me gustan demasiado,Me gusta,MÃ¡s de 6,MÃ¡s de 6,1 o 2,4,OtoÃ±o,5,6,4,40,16,3,6,Rojo,Amarillo,Perro,Lobo,hiena,tocar guitarra,6/12/2022,francia,10:00:00 p.Â m.
26 a 35 aÃ±os,Me es indiferente,Me gusta,Me gusta,No uso este medio,1 o 2,No uso este medio,4,Primavera,8,3,5,8,9,3,2,Verde,Rojo,PudÃº,Puma,Lince,,29/2/2020,JapÃ³n,9:00:00 a.Â m.
19 a 25 aÃ±os,Me gusta,Me gustan demasiado,Me gusta,No uso este medio,MÃ¡s de 6,1 o 2,2,Primavera,15,10,1,5,20,3,20,Azul,Rojo,Gato,Perro,caballo,,10/6/2008,Italia,8:00:00 p.Â m.
19 a 25 aÃ±os,Me gusta,Me gusta,Me gusta,3 a 5,3 a 5,No uso este medio,4,OtoÃ±o,20,10,2,40,6,3,5,Azul,Rojo,DelfÃ­n,Ballena,Estrella de mar,"Leer, jugar tenis",25/12/2022,Italia,8:00:00 p.Â m.
19 a 25 aÃ±os,No tengo opiniÃ³n,Me gusta,Me gusta,No uso este medio,MÃ¡s de 6,1 o 2,4,Verano,30,5,3,10,15,3,10,Rojo,Azul,Perro,Gato,Puma,,11/11/1111,Australia,9:00:00 p.Â m.
19 a 25 aÃ±os,Me gusta,Me gusta,Me gusta,MÃ¡s de 6,MÃ¡s de 6,MÃ¡s de 6,4,Primavera,1,10,2,30,5,2,3,Azul,Rojo,Beluga,Ballena,Foca,Tocar mÃºsica,18/9/1810,Islandia,8:00:00 p.Â m.
19 a 25 aÃ±os,Me gusta,Me gustan demasiado,Me es indiferente,Ninguna,MÃ¡s de 6,Ninguna,3,Verano,5,0,7,9,10,10,10,Rojo,Amarillo,Zorro,Lobo,Coyote,,24/12/0022,Holanda,8:00:00 p.Â m.
19 a 25 aÃ±os,Me gusta,Me gusta,Me gustan demasiado,No uso este medio,3 a 5,No uso este medio,3,Invierno,10,1,5,1,16,3,50,Rojo,Azul,Iguana,Lagartija,Serpiente,Guitarra,11/2/1999,Noruega,7:00:00 p.Â m.
19 a 25 aÃ±os,Me gusta,Me gustan demasiado,Me es indiferente,No uso este medio,MÃ¡s de 6,1 o 2,4,Invierno,6,4,5,4,13,3,5,Naranjo,Azul,Perro,Lobo,Zorro,Leer,18/9/2019,Inglaterra,7:00:00 p.Â m.
19 a 25 aÃ±os,Me gusta,Me gustan demasiado,Me gusta,No uso este medio,MÃ¡s de 6,1 o 2,3,Primavera,5,1,5,3,9,3,4,Rojo,Azul,Perro,Gato,Rata,correr,18/9/2022,EspaÃ±a,6:00:00 p.Â m.
36 a 50 aÃ±os,Me gusta,Me gusta,No me gusta,MÃ¡s de 6,MÃ¡s de 6,MÃ¡s de 6,4,Primavera,24,36,6,5,8,3,6,Verde,Rojo,esponja,pez payaso,mantaraya,Hacer clases en la UC,21/3/2023,Norcorea,3:00:00 p.Â m.
19 a 25 aÃ±os,Me es indiferente,Me gustan demasiado,Me gusta,1 o 2,MÃ¡s de 6,No uso este medio,4,OtoÃ±o,10,6,3,2,2,2,2,Azul,Rojo,Chinchilla,Monito del monte,Cabra montaÃ±esa,"Juegos, anime/manga, series, libros",7/12/2000,JapÃ³n,8:00:00 p.Â m.
19 a 25 aÃ±os,Me es indiferente,Me gusta,Me gusta,3 a 5,3 a 5,No uso este medio,4,Primavera,3,4,2,20,5,3,5,Amarillo,Rojo,Ballena,Delfin,Orca,Malabarismo,2/7/2022,JapÃ³n,8:00:00 p.Â m.
19 a 25 aÃ±os,Me gusta,Me gustan demasiado,Me gustan demasiado,No uso este medio,MÃ¡s de 6,1 o 2,4,Primavera,10,15,3,20,16,3,3,Azul,Rojo,tardÃ­grado,oso,artrÃ³podo,"Tocar piano, andar en bicicleta, trekking, fotografÃ­a",23/10/1960,Islandia,10:00:00 p.Â m.
19 a 25 aÃ±os,Me es indiferente,Me gustan demasiado,Me gusta,No uso este medio,MÃ¡s de 6,No uso este medio,3,Primavera,5,5,4,1,10,3,10,Rojo,Naranjo,DragÃ³n de komodo,Salamandra,Cocodrilo,Videojuegos,7/1/1997,EstadosÂ Unidos,7:00:00 p.Â m.
19 a 25 aÃ±os,Me gusta,Me gustan demasiado,Me gusta,No uso este medio,3 a 5,No uso este medio,4,Invierno,20,30,4,15,10,4,5,Amarillo,Rojo,Gato,Puma,LeÃ³n,,30/10/2001,CanadÃ¡,6:00:00 p.Â m.
19 a 25 aÃ±os,Me es indiferente,Me gusta,Me gustan demasiado,1 o 2,MÃ¡s de 6,1 o 2,4,Primavera,10,20,4,10,5,3,4,Azul,Rojo,Perro,Gato,Rata,"gaming
leer manga
tocar la guitarra",17/5/2002,Holanda,7:00:00 p.Â m.
19 a 25 aÃ±os,No tengo opiniÃ³n,Me gusta,Me gusta,1 o 2,MÃ¡s de 6,1 o 2,3,Primavera,10,5,3,2,12,3,10,Azul,Rojo,Gato,Tigre,LeÃ³n,Jugar competitivo,16/6/2014,EspaÃ±a,10:00:00 p.Â m.
19 a 25 aÃ±os,Me gusta,Me gustan demasiado,No tengo opiniÃ³n,No uso este medio,1 o 2,3 a 5,4,Invierno,28,40,6,2,5,3,50,Azul,Rojo,PingÃ¼ino,orca,oso polar,"Anime/manga, series, video juegos",7/8/2022,JapÃ³n,4:00:00 p.Â m.
19 a 25 aÃ±os,Me gusta,Me gustan demasiado,No me gusta,No uso este medio,MÃ¡s de 6,1 o 2,4,OtoÃ±o,8,1,3,3,9,3,8,Azul,Amarillo,Loro,Buo,MurciÃ©lago,Buscar hobbies,25/11/2022,Holanda,5:30:00 p.Â m.
19 a 25 aÃ±os,Me es indiferente,No tengo opiniÃ³n,No tengo opiniÃ³n,1 o 2,3 a 5,1 o 2,4,Verano,12,12,5,3,5,3,-4,Azul,Rojo,Gato,Guepardo,Chita,Gym,17/9/2017,Alemania,2:00:00 a.Â m.
19 a 25 aÃ±os,Me es indiferente,Me gusta,Me gustan demasiado,Ninguna,MÃ¡s de 6,MÃ¡s de 6,3,Primavera,16,33,4,50,10,5,6,Rojo,Azul,Perro,Lobo,Oso,Futbol,25/8/2002,JapÃ³n,6:00:00 p.Â m.
19 a 25 aÃ±os,Me es indiferente,Me gusta,Me gustan demasiado,1 o 2,MÃ¡s de 6,1 o 2,5,OtoÃ±o,4,2,8,3,7,3,4,Rojo,Azul,ballena,delfin,orca,tocar piano,18/9/2022,Islandia,6:00:00 p.Â m.
19 a 25 aÃ±os,No me gusta,Me gustan demasiado,Me gusta,No uso este medio,MÃ¡s de 6,No uso este medio,4,OtoÃ±o,6,80,7,15,5,3,7,Rojo,Naranjo,LeÃ³n,Gacelas,Cebra,"Guitarra, rap y skate",4/9/1970,Grecia,7:00:00 p.Â m.
19 a 25 aÃ±os,Me gusta,Me gusta,Me gusta,1 o 2,3 a 5,Ninguna,3,OtoÃ±o,100,2,5,36,9,3,5,Verde,Rojo,Tortuga,Liebre,Conejo,Lol,20/2/2020,JapÃ³n,7:00:00 p.Â m.
19 a 25 aÃ±os,Me gusta,Me gusta,Me gusta,No uso este medio,MÃ¡s de 6,3 a 5,4,Primavera,18,1,3,4,6,3,3,Rojo,Amarillo,oso panda,panda Rojo,tigre,si tengo plata coleccionar camaras a rollo,9/5/2022,EspaÃ±a,7:00:00 p.Â m.
19 a 25 aÃ±os,No tengo opiniÃ³n,Me gusta,Me gustan demasiado,No uso este medio,MÃ¡s de 6,3 a 5,2,Invierno,10,5,3,20,8,3,3,Azul,Rojo,Conejo,Hamster,Chinchilla,,25/12/2022,JapÃ³n,5:00:00 p.Â m.
19 a 25 aÃ±os,Me es indiferente,Me gusta,Me gusta,1 o 2,1 o 2,Ninguna,3,Primavera,12,2,4,15,8,3,3,Verde,Rojo,HalcÃ³n,Ãguila,Buitre,No,30/5/2022,Suiza,6:30:00 p.Â m.
19 a 25 aÃ±os,Me gusta,Me gusta,Me gusta,3 a 5,MÃ¡s de 6,3 a 5,4,Verano,3,10,7,25,8,3,15,Azul,Rojo,Toro,Vaca,Ciervo,"Deportes, golf, bicicleta",18/9/2022,Inglaterra,7:00:00 p.Â m.
26 a 35 aÃ±os,Me gusta,Me gustan demasiado,Me gustan demasiado,No uso este medio,MÃ¡s de 6,No uso este medio,3,OtoÃ±o,20,5,4,0,16,4,4,Amarillo,Rojo,tortuga,liebre,zorro,"guitarra, pasear Perros, memes",17/11/2019,LÃ­bano,7:00:00 p.Â m.
19 a 25 aÃ±os,Me gustan demasiado,No me gusta,Me es indiferente,No uso este medio,MÃ¡s de 6,3 a 5,3,No tengo estaciÃ³n favorita,23,45,10,46,12,3,150,Morado,Verde,Hipopotamo,Pato,Ornitorrinco,Padel,11/11/1111,Malta,6:00:00 p.Â m.
19 a 25 aÃ±os,Me gusta,Me gusta,Me gusta,3 a 5,MÃ¡s de 6,MÃ¡s de 6,3,OtoÃ±o,25,10,5,2,11,3,1000000,Azul,Naranjo,Chungungo,Nutria,ChungTria,,26/4/1986,Noruega,12:00:00 p.Â m.
19 a 25 aÃ±os,Me es indiferente,Me gusta,Me gustan demasiado,MÃ¡s de 6,3 a 5,MÃ¡s de 6,3,Verano,6,0,3,25,5,3,6,Azul,Amarillo,Leopardo,Tigre,LeÃ³n,Hacer mÃºsica,18/9/2022,Inglaterra,9:00:00 p.Â m.
19 a 25 aÃ±os,Me es indiferente,Me gusta,Me gusta,3 a 5,MÃ¡s de 6,1 o 2,4,OtoÃ±o,50,10,2,20,5,3,10,Amarillo,,jirafa,hipopotamo,leon,puzzles,18/9/2022,CanadÃ¡,6:00:00 p.Â m.
19 a 25 aÃ±os,Me gusta,Me gustan demasiado,Me gusta,No uso este medio,1 o 2,No uso este medio,3,Invierno,10,7,3,4,7,3,8,Azul,Rojo,PingÃ¼ino,oso polar,pez,"tocar piano, jugar juegos en lÃ­nea",8/9/2000,Noruega,6:30:00 p.Â m.
19 a 25 aÃ±os,Me gustan demasiado,Me gustan demasiado,Me gustan demasiado,1 o 2,MÃ¡s de 6,Ninguna,4,Primavera,20,5,3,30,5,6,6,Amarillo,Rojo,Tigre,Gato,Lince,Maquillar y ver One Piece,10/2/1998,Australia,7:00:00 p.Â m.
19 a 25 aÃ±os,Me es indiferente,Me es indiferente,Me es indiferente,3 a 5,1 o 2,MÃ¡s de 6,3,Verano,3,5,4,2,16,3,16,Rojo,Azul,Perro,Gato,Conejo,Ver tenis,4/7/2015,JapÃ³n,5:00:00 p.Â m.
19 a 25 aÃ±os,Me gusta,Me gustan demasiado,Me gustan demasiado,No uso este medio,MÃ¡s de 6,3 a 5,4,OtoÃ±o,15,6,2,0,4,3,4,Azul,Rojo,Caballo,Potrillo,Yegua,Climbing,2/4/2022,NuevaÂ Zelanda,4:00:00 p.Â m.
19 a 25 aÃ±os,Me gustan demasiado,Me gusta,No tengo opiniÃ³n,MÃ¡s de 6,MÃ¡s de 6,No uso este medio,4,OtoÃ±o,20,15,4,2,5,3,3,Rojo,Amarillo,Vaca,Ojeva,Cabra,Natacion,25/7/2016,Grecia,8:00:00 p.Â m.
19 a 25 aÃ±os,Me gusta,Me gusta,Me gusta,1 o 2,MÃ¡s de 6,No uso este medio,3,Invierno,7,6,7,10,7,7,6,Rojo,Azul,Lobo,Leon,Tiburon,,3/6/2022,JapÃ³n,6:00:00 p.Â m.
19 a 25 aÃ±os,No tengo opiniÃ³n,Me gusta,Me gusta,3 a 5,1 o 2,MÃ¡s de 6,3,Verano,8,4,2,0,8,3,7,Verde,Rojo,hurÃ³n,marta,comadreja,"gaming, tocar baterÃ­a, hacer figuras con beads",10/3/1985,Inglaterra,5:00:00 p.Â m.
19 a 25 aÃ±os,Me gusta,Me gustan demasiado,Me gustan demasiado,3 a 5,MÃ¡s de 6,1 o 2,3,Verano,34,1,4,8,8,3,7,Verde,Rojo,Perro,Gato,Rata,"futbol, padel, escuchar musica y ver pelis",23/9/2000,sudeste asiatico,9:00:00 p.Â m.
19 a 25 aÃ±os,No tengo opiniÃ³n,Me gusta,Me gustan demasiado,Ninguna,MÃ¡s de 6,1 o 2,4,Invierno,20,15,4,8,10,3,4,Rojo,Azul,pinguino,oso polar,salmon,videojuegos,10/5/2022,JapÃ³n,8:00:00 p.Â m.
19 a 25 aÃ±os,Me gustan demasiado,Me gusta,Me gustan demasiado,3 a 5,MÃ¡s de 6,3 a 5,4,Invierno,19,10,10,5,3,3,3,Azul,Rojo,Elefante,Jirafa,Leon,Tocar instrumento,18/1/2016,Iran,7:00:00 p.Â m.
19 a 25 aÃ±os,No tengo opiniÃ³n,Me gusta,Me gustan demasiado,3 a 5,MÃ¡s de 6,3 a 5,3,Primavera,5,8,4,8,4,3,4,Rojo,Azul,Lobo,Zorro,Perro,Leer,22/8/2002,EstadosÂ Unidos,6:00:00 p.Â m.
19 a 25 aÃ±os,Me gustan demasiado,Me gusta,No tengo opiniÃ³n,1 o 2,MÃ¡s de 6,1 o 2,4,OtoÃ±o,20,10,4,0,10,3,5,Azul,Rojo,Ballena,Orca,Delfin,,8/8/2008,Suiza,8:00:00 p.Â m.
18 o menos aÃ±os,Me gustan demasiado,Me gustan demasiado,Me gustan demasiado,MÃ¡s de 6,MÃ¡s de 6,MÃ¡s de 6,2,Primavera,20,40,4,1,12,3,155,Rojo,Azul,carpincho,cuyi,hÃ¡mster,leer manga,4/10/2005,Grecia,8:00:00 p.Â m.
19 a 25 aÃ±os,Me gusta,Me gusta,Me gustan demasiado,3 a 5,3 a 5,3 a 5,4,OtoÃ±o,10,8,3,1,12,3,155,Azul,Rojo,Mapache,Zarigueya,Erizo,Videojuegos,2/1/2022,Grecia,8:00:00 p.Â m.
19 a 25 aÃ±os,Me gusta,Me gustan demasiado,Me gusta,No uso este medio,1 o 2,1 o 2,4,Verano,30,2,6,50,9,3,13,Amarillo,Azul,TardÃ­grado,Oso,Lobo,"Ajedrez, guitarra",18/9/2022,Islandia,10:00:00 p.Â m.
19 a 25 aÃ±os,Me gusta,Me gustan demasiado,Me gusta,1 o 2,3 a 5,MÃ¡s de 6,4,Primavera,15,12,4,5,10,3,8,Azul,Rojo,Ballena Azul,Cachalote,Orca,FotografÃ­a,22/11/2001,Escocia,3:00:00 p.Â m.
19 a 25 aÃ±os,Me gustan demasiado,Me es indiferente,Me gusta,3 a 5,MÃ¡s de 6,3 a 5,4,Invierno,8,3,2,1,3,3,2,Azul,Rojo,TucÃ¡n,Guacamayo,Paloma,"SÃ­: coleccionar zapatillas, coleccionar vinilos, escuchar Ã¡lbumes de musica y jugar videojuegos.",17/4/2000,JapÃ³n,5:00:00 p.Â m.
26 a 35 aÃ±os,No tengo opiniÃ³n,Me gusta,Me gusta,No uso este medio,3 a 5,3 a 5,4,OtoÃ±o,5,5,5,364,10,3,8000,Azul,Rojo,Toro,Vaca,Oveja,Guitarra,18/9/2022,Noruega,6:00:00 p.Â m.
26 a 35 aÃ±os,Me es indiferente,Me gusta,Me gusta,No uso este medio,MÃ¡s de 6,1 o 2,4,OtoÃ±o,8,3,3,5,12,3,2,Azul,Rojo,Perro,Gato,cuyi,armar robot,29/8/2022,Italia,6:00:00 p.Â m.
18 o menos aÃ±os,Me es indiferente,Me es indiferente,Me gustan demasiado,No uso este medio,MÃ¡s de 6,3 a 5,3,Primavera,10,5,2,5,10,3,8,Azul,Rojo,Perro,Gato,LeÃ³n,,15/10/2003,EstadosÂ Unidos,8:30:00 p.Â m.
19 a 25 aÃ±os,Me gusta,Me gustan demasiado,Me gustan demasiado,MÃ¡s de 6,MÃ¡s de 6,No uso este medio,4,Primavera,5,6,2,11,10,3,10,Azul,Rojo,Oso,Oso pardo,Oso polar,"Bordar, leer, jugar videojuegos (lol) y hacer reposterÃ­a.",22/2/2002,Suiza,6:30:00 p.Â m.
51 o mÃ¡s aÃ±os,Me gusta,Me gusta,No tengo opiniÃ³n,3 a 5,MÃ¡s de 6,1 o 2,4,Verano,20,15,1,5,53,34,4,Azul,Rojo,Perro,Gato,Conejo,bailar,26/12/1966,EspaÃ±a,6:00:00 p.Â m.
19 a 25 aÃ±os,No tengo opiniÃ³n,Me gusta,Me gustan demasiado,3 a 5,MÃ¡s de 6,3 a 5,4,Invierno,6,3,6,20,5,4,10,Rojo,Azul,zorro,Lobo,Perro,"Si, jugar tenis",13/12/2017,JapÃ³n,8:00:00 p.Â m.
19 a 25 aÃ±os,Me gusta,Me gustan demasiado,Me es indiferente,MÃ¡s de 6,MÃ¡s de 6,1 o 2,3,Primavera,5,20,10,35,7,3,5,Azul,Rojo,Chunguno,Foca,DelfÃ­n,"FÃºtbol, Lol, Pecera, Deporte, Videojuegos",26/9/2022,EspaÃ±a,3:00:00 p.Â m.
19 a 25 aÃ±os,Me gusta,No me gusta,No me gusta,3 a 5,MÃ¡s de 6,No uso este medio,3,Verano,32,2,4,10,9,3,7,Verde,Rojo,condor,huemul,venado,Rugby,25/12/2022,Holanda,6:00:00 p.Â m.
19 a 25 aÃ±os,Me es indiferente,Me gustan demasiado,No me gusta,3 a 5,MÃ¡s de 6,No uso este medio,4,Verano,10,5,3,25,5,3,12,Verde,Rojo,tigre,LeÃ³n,cebra,fÃºtbol,23/12/2022,Australia,2:30:00 p.Â m.
19 a 25 aÃ±os,Me gusta,Me gustan demasiado,Me gusta,No uso este medio,MÃ¡s de 6,MÃ¡s de 6,4,Primavera,23,9,6,0,16,3,5,Azul,Amarillo,Gato,carpincho,pato,"Tocar baterÃ­a, practicar handball, karate, jugar videojuegos, ver anime y leer manga.",10/10/2017,EspaÃ±a,4:00:00 p.Â m.
19 a 25 aÃ±os,Me gusta,Me gustan demasiado,Me gusta,No uso este medio,3 a 5,3 a 5,3,OtoÃ±o,60,6,3,12,5,3,4,Rojo,Verde,Elefante,Rata,hamster,"tejer, tocar guitarra, leer, pintar",7/8/2018,Australia,9:00:00 p.Â m.
19 a 25 aÃ±os,Me gusta,No tengo opiniÃ³n,Me gusta,1 o 2,MÃ¡s de 6,1 o 2,4,Invierno,7,27,1,1,11,3,22,Azul,Rojo,Tigre,Leon,Puma,Aprender algo nuevo,16/1/2028,Italia,7:00:00 p.Â m.
19 a 25 aÃ±os,Me es indiferente,Me es indiferente,Me gusta,No uso este medio,MÃ¡s de 6,No uso este medio,3,Invierno,20,2,2,8,11,3,6,Rojo,Azul,Renacuajo,Sapo,Salamandra,La reposteria,30/9/2017,Irlanda,9:00:00 p.Â m.
51 o mÃ¡s aÃ±os,No tengo opiniÃ³n,Me gusta,Me gusta,No uso este medio,MÃ¡s de 6,3 a 5,4,Primavera,10,4,2,2,5,3,4,Azul,Rojo,Perro,Gato,Rata,"Tejer, bordar, Leer, Yoga",27/10/2022,Italia,7:00:00 p.Â m.
19 a 25 aÃ±os,Me gusta,Me gustan demasiado,Me gusta,MÃ¡s de 6,MÃ¡s de 6,No uso este medio,3,Invierno,8,2,3,8,4,3,3,Azul,Rojo,Elefante,mamut,tigre dientes de sable,fÃºtbol,25/12/0001,CanadÃ¡,9:00:00 p.Â m.
19 a 25 aÃ±os,No tengo opiniÃ³n,Me gustan demasiado,Me gusta,No uso este medio,3 a 5,3 a 5,4,OtoÃ±o,20,25,6,10,3,3,2,Azul,Rojo,Cuy,Llama,Alpaca,Tocar piano y trotar,17/12/2001,JapÃ³n,8:00:00 p.Â m.
19 a 25 aÃ±os,Me gusta,Me gustan demasiado,Me gusta,1 o 2,MÃ¡s de 6,3 a 5,2,Primavera,20,25,3,40,4,3,3,Azul,Rojo,Alpaca,Camello,Dromedario,"Dibujar, leer",18/9/2021,Vietnam,5:00:00 a.Â m.
19 a 25 aÃ±os,Me gusta,Me gusta,Me gusta,No uso este medio,MÃ¡s de 6,1 o 2,4,Primavera,20,2,2,10,16,3,5,Azul,"Rojo, cafÃ©. colores cÃ¡lidos",girafa,cebra,LeÃ³n,"sÃ­, tomar fotos, escuchar mÃºsica, jugar en lÃ­nea, andar en bicicleta, ver cine",27/7/2022,argentina,2:00:00 p.Â m.
19 a 25 aÃ±os,No me gusta,Me gustan demasiado,Me gusta,MÃ¡s de 6,MÃ¡s de 6,No uso este medio,3,Verano,20,10,2,6,5,3,3,Azul,Rojo,DelfÃ­n,Orca,Ballena,Videojuegos,25/12/2008,Suiza,3:30:00 a.Â m.
19 a 25 aÃ±os,Me es indiferente,Me gustan demasiado,Me gusta,Ninguna,MÃ¡s de 6,3 a 5,4,Invierno,7,2,5,12,9,4,5,Rojo,Amarillo,Ardilla,Castor,Ornitorrinco,Programar,25/2/2004,Italia,6:30:00 a.Â m.
19 a 25 aÃ±os,Me gusta,Me gusta,Me gusta,No uso este medio,MÃ¡s de 6,1 o 2,4,Invierno,20,30,4,10,7,3,1000,Rojo,Azul,axolotl,sapo,Rana,"Escribir cuentos, leer Ã©tica y comer uwu.",9/5/1998,Yemen,6:00:00 p.Â m.
19 a 25 aÃ±os,Me gusta,Me gustan demasiado,No tengo opiniÃ³n,No uso este medio,No uso este medio,No uso este medio,3,Invierno,8,3,3,13,4,3,3,Azul,Rojo,Perro,Gato,Rata,"jugar en el pc, escuchar/tocar musica, ejercitar",24/12/2022,,6:00:00 p.Â m.
19 a 25 aÃ±os,Me gusta,Me gustan demasiado,Me gusta,No uso este medio,MÃ¡s de 6,No uso este medio,4,Verano,2,0,3,30,6,3,4,Azul,Rojo,Gato,Perro,Hamster,,21/12/2022,Italia,9:00:00 p.Â m.
19 a 25 aÃ±os,No tengo opiniÃ³n,Me gusta,Me gusta,MÃ¡s de 6,MÃ¡s de 6,3 a 5,4,Verano,6,5,11,50,18,3,5,Rojo,Azul,Conejo,Liebre,Gato,Jugar lol,8/10/1998,Marruecos,6:00:00 p.Â m.
19 a 25 aÃ±os,Me es indiferente,Me gustan demasiado,Me gustan demasiado,1 o 2,MÃ¡s de 6,No uso este medio,4,Primavera,5,3,3,20,4,3,8,Naranjo,Azul,Conejo,Gato,Puma,Cocinar,31/10/1998,Alemania,6:00:00 p.Â m.
19 a 25 aÃ±os,Me gusta,Me gusta,Me es indiferente,MÃ¡s de 6,MÃ¡s de 6,1 o 2,4,OtoÃ±o,20,100,3,1,4,3,6,Azul,Rojo,Gato,leon,tigre,"videojuegos, leer y ver series",13/7/2022,JapÃ³n,7:00:00 p.Â m.
19 a 25 aÃ±os,Me gustan demasiado,Me gusta,Me gusta,MÃ¡s de 6,MÃ¡s de 6,3 a 5,4,Verano,20,6,5,30,25,3,10,Rojo,Verde,Zorro,Lobo,Perro,Programar,5/1/2001,Maldivas,9:30:00 p.Â m.
19 a 25 aÃ±os,Me gusta,Me gusta,Me gusta,No uso este medio,MÃ¡s de 6,MÃ¡s de 6,4,Verano,2,0,2,20,5,3,10,Azul,Amarillo,Perro,Gato,Rata,tenis,8/8/2018,,8:00:00 p.Â m.
19 a 25 aÃ±os,Me es indiferente,Me gusta,Me gustan demasiado,No uso este medio,MÃ¡s de 6,No uso este medio,3,OtoÃ±o,10,68,3,3,4,3,3,Azul,Rojo,Ã¡guila,loro,tucÃ¡n,Videojuegos,3/10/1911,JapÃ³n,9:00:00 p.Â m.
19 a 25 aÃ±os,Me gusta,Me gustan demasiado,Me gustan demasiado,Ninguna,MÃ¡s de 6,Ninguna,3,OtoÃ±o,3,5,8,15,9,3,10,Rojo,Azul,carpincho,hamster,erizo,"Ver anime, deporte",21/4/2022,Dinamarca,8:00:00 p.Â m.
18 o menos aÃ±os,Me gusta,Me gustan demasiado,Me gustan demasiado,No uso este medio,MÃ¡s de 6,1 o 2,3,Invierno,30,10,2,10,3,3,-2,Rojo,Azul,Perro,Gato,pato,"Anime, manga, programar, escalada.",31/5/2016,CanadÃ¡,9:30:00 p.Â m.
19 a 25 aÃ±os,Me es indiferente,Me gustan demasiado,Me gustan demasiado,1 o 2,MÃ¡s de 6,No uso este medio,4,Primavera,25,2,0,5,10,8,20,Azul,Rojo,Perro,Lobo,hiena,,14/2/2022,JapÃ³n,3:00:00 p.Â m.
19 a 25 aÃ±os,Me gusta,Me gusta,Me gusta,Ninguna,MÃ¡s de 6,1 o 2,4,Primavera,20,30,2,3,9,3,20,Rojo,,Conejo,Liebre,Tortuga,"Leer, crochet, huerto.",7/8/2022,Italia,5:00:00 p.Â m.
26 a 35 aÃ±os,No tengo opiniÃ³n,Me gusta,Me gusta,Ninguna,MÃ¡s de 6,1 o 2,4,OtoÃ±o,50,3,2,16,3,3,5,Azul,Rojo,Ornitorrinco,Castor,Nutria,Hago ropa,3/10/2022,Irlanda,8:00:00 p.Â m.
51 o mÃ¡s aÃ±os,Me es indiferente,Me gusta,Me gustan demasiado,1 o 2,MÃ¡s de 6,3 a 5,4,Verano,30,28,3,4,10,3,9,Rojo,Azul,LeÃ³n,pantera,tigre de bengala,Deporte,24/12/2022,JapÃ³n,2:00:00 p.Â m.
19 a 25 aÃ±os,Me gusta,Me gustan demasiado,Me gusta,No uso este medio,MÃ¡s de 6,MÃ¡s de 6,4,Primavera,25,4,6,10,5,3,2,Verde,Rojo,caracal,capivara,quebrantahuesos,"videojuegos, mÃºsica, shitpostear en internet",14/9/1999,Egipto,8:00:00 p.Â m.
19 a 25 aÃ±os,No tengo opiniÃ³n,No tengo opiniÃ³n,Me gustan demasiado,3 a 5,MÃ¡s de 6,MÃ¡s de 6,4,Primavera,25,7,5,30,5,3,4,Rojo,Azul,Miau,Grrr,Rawr,Cocinar,24/12/2019,Croacia,6:00:00 p.Â m.
19 a 25 aÃ±os,Me gusta,Me gusta,Me gustan demasiado,MÃ¡s de 6,MÃ¡s de 6,3 a 5,4,Invierno,15,20,4,10,9,3,9,Azul,Rojo,Pulga de mar,Chungungo,Nutria,Yugioh,22/7/2022,JapÃ³n,3:00:00 p.Â m.
19 a 25 aÃ±os,No tengo opiniÃ³n,Me gustan demasiado,Me gustan demasiado,3 a 5,3 a 5,MÃ¡s de 6,4,Verano,12,6,5,4,5,3,-4,Azul,Rojo,Gato,leon,guepardo,ir al gimnasio,21/2/2002,Alemania,9:00:00 a.Â m.
19 a 25 aÃ±os,Me gusta,Me es indiferente,Me gusta,Ninguna,MÃ¡s de 6,1 o 2,4,OtoÃ±o,12,1,5,10,9,3,9,Rojo,Azul,langosta,bacalao,caballa,Nadar y jugar lol,27/2/2010,Taiwan,8:00:00 p.Â m.
19 a 25 aÃ±os,Me gusta,Me gustan demasiado,Me gustan demasiado,MÃ¡s de 6,MÃ¡s de 6,MÃ¡s de 6,4,Verano,4,0,4,50,9,3,9,Rojo,Azul,LeÃ³n,tigre,Puma,"fÃºtbol, trekking",18/9/2022,Italia,10:00:00 p.Â m.
19 a 25 aÃ±os,Me es indiferente,Me gustan demasiado,Me gusta,No uso este medio,MÃ¡s de 6,No uso este medio,3,OtoÃ±o,8,0,3,20,15,12,8,Azul,Rojo,Perro,Gato,zorro,futbol,11/11/2022,islandia,8:00:00 p.Â m.
19 a 25 aÃ±os,Me es indiferente,Me gusta,Me gusta,No uso este medio,3 a 5,1 o 2,3,OtoÃ±o,28,10,5,0,16,3,100,Azul,Rojo,Perro,Lobo,Zorro,"Ver series y peliculas, leer y jugar.",12/9/1997,JapÃ³n,6:30:00 p.Â m.
26 a 35 aÃ±os,No tengo opiniÃ³n,Me gustan demasiado,Me gusta,3 a 5,3 a 5,3 a 5,5,Primavera,8,3,3,4,4,3,4,Azul,Rojo,Perro,Gato,Rata,,9/8/2022,,7:00:00 p.Â m.
19 a 25 aÃ±os,Me gusta,Me gustan demasiado,No tengo opiniÃ³n,MÃ¡s de 6,MÃ¡s de 6,No uso este medio,4,OtoÃ±o,18,3,5,5,4,3,5,Azul,Rojo,Gato,Puma,Tigre,"Videojuegos, dibujar, futbol",3/8/2022,EspaÃ±a,5:00:00 a.Â m.
19 a 25 aÃ±os,Me gustan demasiado,Me es indiferente,Me gusta,1 o 2,3 a 5,3 a 5,4,OtoÃ±o,5,8,3,6,8,3,6,Rojo,Verde,flamenco,grulla,garza,caminar,23/12/2022,Inglaterra,6:00:00 p.Â m.
19 a 25 aÃ±os,No tengo opiniÃ³n,Me gusta,Me gusta,MÃ¡s de 6,MÃ¡s de 6,MÃ¡s de 6,4,Verano,12,2,5,30,8,3,5,Azul,Amarillo,caballo,vaca,gallina,deporte en general,11/6/2015,Italia,9:30:00 a.Â m.
36 a 50 aÃ±os,Me gusta,Me gustan demasiado,Me gusta,MÃ¡s de 6,MÃ¡s de 6,MÃ¡s de 6,3,Primavera,1,0,3,0,9,4,8,Azul,Rojo,Perro,Gato,Conejo,,31/12/2022,Holanda,8:00:00 p.Â m.
19 a 25 aÃ±os,No tengo opiniÃ³n,Me gustan demasiado,Me gusta,No uso este medio,MÃ¡s de 6,3 a 5,5,Invierno,10,4,5,7,15,3,2,Azul,Rojo,Ardilla,Gato,Rata,Programar,25/12/2022,Corea delÂ sur,8:00:00 p.Â m.
19 a 25 aÃ±os,Me gusta,Me gusta,Me gustan demasiado,Ninguna,MÃ¡s de 6,No uso este medio,4,OtoÃ±o,25,200,3,3,7,3,5,Azul,Rojo,zorro,Lobo,Perro,"Escribir, dibujar, leer",25/3/2018,Corea delÂ sur,4:00:00 p.Â m.
19 a 25 aÃ±os,Me es indiferente,Me gusta,Me gusta,No uso este medio,MÃ¡s de 6,No uso este medio,4,Verano,15,3,6,15,4,3,10,Rojo,Verde oscuro,Gato,Tigre,Puma,"Atletismo
Jugar computador
Ultimamente leer y programar tambiÃ©n",18/8/1818,,7:15:00 p.Â m.
19 a 25 aÃ±os,Me gustan demasiado,Me es indiferente,Me gusta,No uso este medio,MÃ¡s de 6,3 a 5,3,Invierno,15,100,3,4,6,3,5,Rojo,Azul,pangolin,panda,panda Rojo,"leer manga, ver peliculas de artes marciales, hacer ejercicio (pensar en hacer ejercicio)",28/3/2001,China,5:00:00 p.Â m.
26 a 35 aÃ±os,Me gusta,No me gusta,Me gustan demasiado,No uso este medio,MÃ¡s de 6,1 o 2,4,Primavera,20,5,5,4,16,4,4,Rojo,Amarillo,Perro,Gato,Rata,"Ciclismo, trekking",18/9/2022,SudÃ¡frica,4:00:00 p.Â m.
26 a 35 aÃ±os,Me es indiferente,Me es indiferente,Me gusta,Ninguna,MÃ¡s de 6,Ninguna,4,Primavera,30,50,5,1,5,3,0,Rojo,Azul,Oso,Salmon,Gusano,"Videojuegos, cÃ³mics, animaciÃ³n",25/12/2022,JapÃ³n,6:00:00 p.Â m.
26 a 35 aÃ±os,Me gustan demasiado,Me gustan demasiado,Me gustan demasiado,No uso este medio,MÃ¡s de 6,1 o 2,4,Verano,30,8,3,26,10,3,5,Rojo,Naranjo,caballo,burro,mula,Patinar,28/6/1994,Italia,9:00:00 p.Â m.
19 a 25 aÃ±os,Me gusta,Me gusta,Me es indiferente,No uso este medio,MÃ¡s de 6,No uso este medio,4,Primavera,20,10,3,2,10,3,6,Rojo,Azul,Gato,LeÃ³n,tigre,jugar videojuegos,19/9/2022,JapÃ³n,4:30:00 p.Â m.
19 a 25 aÃ±os,Me es indiferente,Me gustan demasiado,Me gusta,No uso este medio,3 a 5,No uso este medio,3,OtoÃ±o,25,15,7,30,5,3,6,Azul,Rojo,chungungo,nutria,pez,Dormir,6/8/2019,Suiza,5:00:00 a.Â m.
19 a 25 aÃ±os,Me gusta,Me gustan demasiado,Me gustan demasiado,MÃ¡s de 6,MÃ¡s de 6,1 o 2,4,Primavera,30,1,3,50,25,4,3,Azul,Rojo,Gato,tigre,leon,anime y videojuegos,8/8/2000,Chile,8:00:00 p.Â m.
19 a 25 aÃ±os,Me gusta,Me gustan demasiado,Me es indiferente,1 o 2,MÃ¡s de 6,1 o 2,4,OtoÃ±o,25,125,3,12,6,3,5,Azul,Rojo,HÃ¡mster,HurÃ³n,Rata,"Leer mangas/comics, dibujo, gaming.",22/10/2010,JapÃ³n,4:30:00 a.Â m.
19 a 25 aÃ±os,No tengo opiniÃ³n,Me gusta,Me gusta,1 o 2,3 a 5,1 o 2,4,No tengo estaciÃ³n favorita,3,40,1,5,8,5,7,Azul,Rojo,Mono,Gorila,orangutan,"Jugar videojuegos, leer manga",29/2/2024,,4:00:00 p.Â m.
26 a 35 aÃ±os,No tengo opiniÃ³n,Me gustan demasiado,Me gusta,No uso este medio,3 a 5,No uso este medio,3,OtoÃ±o,15,5,6,8,9,3,42069,Azul,Verde,nutria,pinguino,foca,programar,18/10/2019,francia,7:45:00 p.Â m.
19 a 25 aÃ±os,Me gusta,Me gusta,No me gusta,No uso este medio,MÃ¡s de 6,MÃ¡s de 6,4,Primavera,50,30,3,50,4,3,8,Azul,Amarillo,panda Rojo,mapache,coatÃ­,"Tejer, pintar, leer, tenis",27/10/2022,Italia,7:00:00 p.Â m.
19 a 25 aÃ±os,Me es indiferente,Me gustan demasiado,Me gusta,1 o 2,1 o 2,1 o 2,4,Verano,20,100,4,15,8,8,8,Azul,Rojo,leon,tigre,Gato,"manga, lol, libros, hacer deporte",9/4/1999,finlandia,8:00:00 p.Â m.
19 a 25 aÃ±os,Me gusta,Me gustan demasiado,Me gusta,No uso este medio,3 a 5,No uso este medio,4,No tengo estaciÃ³n favorita,15,0,2,50,16,3,5,Verde,Rojo,Perro,Gato,Rata,Escalar,2/8/2022,EspaÃ±a,5:00:00 p.Â m.
19 a 25 aÃ±os,Me gusta,Me gusta,No me gusta,1 o 2,3 a 5,3 a 5,3,OtoÃ±o,20,30,3,4,6,3,4,Azul,Rojo,jirafa,okapi,oso polar,juego lol,18/10/2022,Tailandia,2:00:00 p.Â m.
19 a 25 aÃ±os,Me gusta,Me gustan demasiado,Me gustan demasiado,Ninguna,3 a 5,Ninguna,4,Primavera,2,2,2,10,9,3,7,Rojo,Azul,Perro,Gato,vaca,correr,14/10/2002,Italia,7:30:00 p.Â m.
19 a 25 aÃ±os,Me gusta,Me gustan demasiado,Me gustan demasiado,1 o 2,3 a 5,1 o 2,4,Primavera,5,6,4,0,5,3,4,Azul,Rojo,Gato,tigre,guepardo,Jugar videojuegos,12/1/2016,NuevaÂ Zelanda,8:00:00 p.Â m.
19 a 25 aÃ±os,Me gusta,Me gustan demasiado,Me gusta,1 o 2,3 a 5,1 o 2,4,Verano,20,2,3,5,6,3,10,Azul,Rojo,tigre,leon,pantera,tocar la guitarra,25/12/2022,Inglaterra,1:13:00 p.Â m.
19 a 25 aÃ±os,Me gusta,Me gusta,Me gustan demasiado,3 a 5,MÃ¡s de 6,3 a 5,4,OtoÃ±o,20,2,3,10,9,3,50,Amarillo,Rojo,Oso,Leon,Tigre,"Pintar/dibujar, Cocinar y Jugar computador",5/10/2019,"EEUU, Alaska",9:00:00 p.Â m.
19 a 25 aÃ±os,Me gusta,Me gusta,No me gusta,3 a 5,3 a 5,Ninguna,3,Primavera,100,10,0,10,10,3,5,Azul,Rojo,Pantera,Leopardo,Puma,"Cocinar, pintar y hacer artesanÃ­as varias",18/9/2016,Italia,7:00:00 p.Â m.
19 a 25 aÃ±os,Me gusta,Me gustan demasiado,Me gustan demasiado,MÃ¡s de 6,MÃ¡s de 6,3 a 5,4,Invierno,8,5,3,2,12,3,5,Azul,Rojo,tortuga,pez,camarÃ³n,ir al gym,24/12/2022,EspaÃ±a,6:00:00 p.Â m.
19 a 25 aÃ±os,Me gusta,Me gustan demasiado,Me gusta,3 a 5,MÃ¡s de 6,No uso este medio,3,OtoÃ±o,12,6,2,5,5,3,3,Verde,Rojo,Oso panda,Koala,Canguro,BÃ¡squetbol,31/10/2021,Italia,5:30:00 p.Â m.
19 a 25 aÃ±os,Me gusta,Me gusta,Me gusta,MÃ¡s de 6,MÃ¡s de 6,3 a 5,4,No tengo estaciÃ³n favorita,10,20,4,0,16,3,5,Azul,Rojo,Perro,Gato,Rata,,16/12/1972,EstadosÂ Unidos,5:00:00 p.Â m.
19 a 25 aÃ±os,Me gusta,Me gusta,Me gusta,No uso este medio,No uso este medio,MÃ¡s de 6,4,No tengo estaciÃ³n favorita,10,5,4,1,10,3,2,Rojo,Amarillo,Rata,Gato,Perro,,27/6/2020,Italia,4:00:00 p.Â m.
19 a 25 aÃ±os,Me gusta,Me gustan demasiado,Me gusta,No uso este medio,MÃ¡s de 6,No uso este medio,3,OtoÃ±o,50,5,3,25,10,3,5,Azul,Rojo,tigre,leon,leopardo,cocinar,2/4/2022,belgica,7:00:00 p.Â m.
19 a 25 aÃ±os,Me es indiferente,No tengo opiniÃ³n,Me es indiferente,No uso este medio,MÃ¡s de 6,No uso este medio,4,Invierno,20,15,4,9,10,3,5,Azul,Rojo,Nutria,Almeja,Pez,Manga,2/4/2022,JapÃ³n,7:30:00 p.Â m.
19 a 25 aÃ±os,Me gusta,Me gusta,Me gustan demasiado,3 a 5,MÃ¡s de 6,1 o 2,3,Invierno,20,3,8,13,4,3,5,Azul,Rojo,PudÃº,chinchilla,zorro cumpeo,tocar piano y jugar volleybol,18/9/2018,mÃ©xico el 1 y 2 de noveimbre,8:00:00 p.Â m.
19 a 25 aÃ±os,Me gusta,Me es indiferente,Me es indiferente,No uso este medio,MÃ¡s de 6,No uso este medio,3,Primavera,4,0,1,50,7,3,50,Amarillo,Rojo,rana,sapo,pez,crochet,21/9/2022,Grecia,5:30:00 p.Â m.
19 a 25 aÃ±os,No tengo opiniÃ³n,Me gustan demasiado,Me gusta,1 o 2,MÃ¡s de 6,No uso este medio,4,OtoÃ±o,20,1,4,30,9,3,5,Rojo,Azul,TiburÃ³n,Orca,Mantarraya,"Escuchar Musica, videojuegos, deporte",13/12/1959,Inglaterra,6:00:00 p.Â m.
19 a 25 aÃ±os,Me gusta,Me gusta,Me es indiferente,MÃ¡s de 6,MÃ¡s de 6,MÃ¡s de 6,4,Invierno,2,10,5,50,16,4,6,Amarillo,Rojo,Perro,Gato,caballo,Ajedre,23/9/2022,portugal,10:00:00 p.Â m.
19 a 25 aÃ±os,Me gusta,Me gusta,Me gusta,No uso este medio,3 a 5,No uso este medio,4,Primavera,10,0,4,10,6,3,4,Rojo,Azul,mono,gorila,chimpancÃ©,jugar fÃºtbol,18/9/2017,Holanda,4:20:00 a.Â m.
26 a 35 aÃ±os,No tengo opiniÃ³n,Me gustan demasiado,Me gusta,No uso este medio,MÃ¡s de 6,MÃ¡s de 6,3,Verano,5,5,4,3,16,3,50,Rojo,Verde,delfÃ­n,orca,foca,Cantar,8/6/1995,Estonia,7:00:00 p.Â m.
36 a 50 aÃ±os,Me gustan demasiado,Me gustan demasiado,Me gustan demasiado,No uso este medio,MÃ¡s de 6,No uso este medio,5,Primavera,10,3,1,1,10,3,10,Rojo,Azul,Gato,Perro,Lobo,manualidades,9/5/0099,Alemania,8:00:00 p.Â m.
19 a 25 aÃ±os,Me gusta,Me gusta,Me gustan demasiado,3 a 5,3 a 5,1 o 2,4,OtoÃ±o,15,5,5,2,4,3,7,Azul,Rojo,chungungo,nutria,carpincho,"ver anime, jugar videojuegos (lol, valorant, genshin impact), tocar baterÃ­a y piano, leer manga",31/10/2022,JapÃ³n,3:00:00 p.Â m.
26 a 35 aÃ±os,Me gustan demasiado,Me gusta,Me gustan demasiado,No uso este medio,MÃ¡s de 6,No uso este medio,3,Verano,10,5,11,1,2,3,3,Azul,Rojo,Chinchilla,Conejo,Liebre,Hacer mÃºsica,25/3/1995,El Salvador,5:00:00 p.Â m.
19 a 25 aÃ±os,No tengo opiniÃ³n,Me gusta,Me gusta,1 o 2,MÃ¡s de 6,Ninguna,3,Invierno,10,10,4,15,3,3,7,Rojo,Azul,vaca,toro,bufalo,"Jogar muito, leer",11/8/2022,China,9:00:00 p.Â m.
19 a 25 aÃ±os,Me gusta,Me gusta,Me gusta,3 a 5,MÃ¡s de 6,1 o 2,4,No tengo estaciÃ³n favorita,10,0,2,1,10,3,7,Azul,Rojo,jirafa,Elefante,cebra,,24/12/2022,EstadosÂ Unidos,5:30:00 p.Â m.
19 a 25 aÃ±os,Me gusta,Me es indiferente,Me gusta,1 o 2,MÃ¡s de 6,1 o 2,4,Primavera,6,25,4,8,4,3,4,Rojo,Naranjo,carpincho,PudÃº,huemul,,9/7/2022,JapÃ³n,6:00:00 p.Â m.
19 a 25 aÃ±os,Me gusta,Me gustan demasiado,Me gustan demasiado,No uso este medio,MÃ¡s de 6,No uso este medio,4,Primavera,2,5,3,1,5,3,5,Azul,Rojo,Lobo,Perro,Gato,"Hacer trecking, andar en bicicleta, los teclados y programar",2/9/2000,Dinamarca,7:00:00 p.Â m.
19 a 25 aÃ±os,Me gusta,Me gustan demasiado,Me gustan demasiado,1 o 2,MÃ¡s de 6,3 a 5,4,Invierno,3,60,7,50,10,4,6,Azul,Rojo,Orca,Delfin,Ballena,Tiro con arco,4/8/1999,Suiza,8:00:00 p.Â m.
19 a 25 aÃ±os,Me gusta,Me gustan demasiado,No me gusta,No uso este medio,MÃ¡s de 6,No uso este medio,4,OtoÃ±o,20,70,4,10,8,3,10,Verde,Rojo,PingÃ¼ino,Oso polar,Oso pardo,Tejer a crochet,14/4/2022,Rusia,6:00:00 p.Â m.
19 a 25 aÃ±os,Me es indiferente,Me gusta,Me gustan demasiado,No uso este medio,MÃ¡s de 6,Ninguna,3,Invierno,8,1,4,5,9,3,8,Azul,Rojo,Cabra,Chivo,Oveja,"Futbol, gym, videojuegos, cocinar",17/11/2018,Puerto rico,7:00:00 p.Â m.
19 a 25 aÃ±os,Me gusta,Me gusta,Me gusta,MÃ¡s de 6,MÃ¡s de 6,MÃ¡s de 6,4,Primavera,1,3,2,30,3,3,3,Azul,Rojo,Beluga,Foca,Ballena blanca,Tocar mÃºsica,18/9/1810,Islandia y Escocia,10:00:00 p.Â m.
19 a 25 aÃ±os,Me gusta,Me gustan demasiado,Me gusta,1 o 2,MÃ¡s de 6,1 o 2,4,Primavera,20,15,3,25,10,3,5,Azul,Rojo,Gato,Tigre,LeÃ³n,Bordar,13/9/2022,JapÃ³n,5:00:00 p.Â m.
19 a 25 aÃ±os,Me es indiferente,Me gusta,Me gustan demasiado,1 o 2,MÃ¡s de 6,MÃ¡s de 6,3,Primavera,12,0,6,20,4,3,3,Azul,Naranjo,Caracales,Gatos,Pumas,Comer,27/3/2002,EspaÃ±a,7:00:00 p.Â m.
19 a 25 aÃ±os,No tengo opiniÃ³n,Me gusta,Me gustan demasiado,No uso este medio,MÃ¡s de 6,1 o 2,4,Invierno,30,4,5,50,9,3,9,Rojo,Azul,Tigre,LeÃ³n,AntÃ­lope,Leer,12/6/2001,JapÃ³n,8:00:00 p.Â m.
19 a 25 aÃ±os,Me es indiferente,Me gusta,Me gusta,1 o 2,MÃ¡s de 6,No uso este medio,4,Primavera,25,10,3,2,4,3,4,Amarillo,Rojo,Perro,Gato,Rata,Bailar,12/2/2017,"Estados unidos, Reino Unido, Canada, Suecia",6:00:00 p.Â m.
19 a 25 aÃ±os,Me gusta,Me gustan demasiado,Me gustan demasiado,MÃ¡s de 6,MÃ¡s de 6,MÃ¡s de 6,4,OtoÃ±o,37,23,5,39,7,3,5,Azul,Rojo,marsopa,manatÃ­,Lobo marino,tocar instrumentos,27/12/2022,Dinamarca,4:00:00 p.Â m.
19 a 25 aÃ±os,Me gusta,No me gusta,Me gusta,1 o 2,3 a 5,Ninguna,4,Verano,25,4,6,15,9,3,4,Azul,Rojo,TucÃ¡n,Mono,Tigre,Subir cerros,18/11/2000,Noruega,8:15:00 p.Â m.
19 a 25 aÃ±os,Me gusta,Me gustan demasiado,Me gustan demasiado,3 a 5,MÃ¡s de 6,1 o 2,4,Primavera,10,3,4,2,12,3,8,Azul,Rojo,Gato,Tigre,Puna,Piano,18/12/2003,JapÃ³n,8:00:00 p.Â m.
19 a 25 aÃ±os,Me es indiferente,Me es indiferente,Me gusta,3 a 5,MÃ¡s de 6,Ninguna,4,Primavera,56,0,3,20,3,3,5,Rojo,Amarillo,Leon,Tigre,Gato,Ver pelis,1/8/2001,Indonesia,4:00:00 p.Â m.
19 a 25 aÃ±os,Me gusta,Me gustan demasiado,No me gusta,No uso este medio,3 a 5,No uso este medio,3,Primavera,1,50,4,15,11,3,5,Rojo,Azul,manati,ballena,delfin,gym,20/4/1969,Papua y Nueva Guinea,5:00:00 p.Â m.
19 a 25 aÃ±os,No tengo opiniÃ³n,Me gustan demasiado,Me gustan demasiado,1 o 2,MÃ¡s de 6,No uso este medio,4,No tengo estaciÃ³n favorita,5,8,6,12,4,3,6,Rojo,Naranjo,Pepino de mar,Estrella de mar,Erizo de mar,,10/7/2022,SudÃ¡frica,6:00:00 p.Â m.
19 a 25 aÃ±os,No tengo opiniÃ³n,Me es indiferente,Me es indiferente,Ninguna,MÃ¡s de 6,1 o 2,3,OtoÃ±o,10,5,4,20,4,3,3,Rojo,Azul,PingÃ¼ino,Oso polar,Oso panda,No,19/1/2001,Italia,6:00:00 p.Â m.
19 a 25 aÃ±os,No tengo opiniÃ³n,Me gustan demasiado,Me gusta,3 a 5,MÃ¡s de 6,1 o 2,4,Verano,10,6,4,30,4,3,5,Azul,Rojo,gatito,flopa,Puma,handball,18/10/0018,,2:00:00 p.Â m.
19 a 25 aÃ±os,No tengo opiniÃ³n,Me gusta,Me gustan demasiado,1 o 2,MÃ¡s de 6,3 a 5,4,Primavera,7,4,9,15,10,5,3,Azul,Rojo,pez,tiburon,ballena,minecraft,31/12/2022,EspaÃ±a,2:00:00 p.Â m.
19 a 25 aÃ±os,Me gusta,Me gustan demasiado,Me gustan demasiado,Ninguna,MÃ¡s de 6,1 o 2,4,Primavera,15,7,5,44,9,4,10,Rojo,Amarillo,Lobo,zorro,coyote,"cocinar, leer sobre animales y plantas, hacer trekking, aprender de la biodiversidad en general y de chile, ver anime, leer manga, salir de fiesta.",6/2/2022,Grecia,6:00:00 p.Â m.
19 a 25 aÃ±os,Me gusta,Me gustan demasiado,Me gustan demasiado,No uso este medio,3 a 5,3 a 5,4,Verano,4,3,4,16,20,3,5,Rojo,Verde,Carpincho,Coipo,Castor,Lol y senderismo,1/12/1999,CanadÃ¡,9:00:00 p.Â m.
19 a 25 aÃ±os,Me es indiferente,Me gustan demasiado,Me gusta,No uso este medio,MÃ¡s de 6,No uso este medio,4,Verano,15,2,4,17,8,3,32,Rojo,,cocodrilo,hipopotamo,girafa,deportes,24/8/2022,islandia,7:00:00 p.Â m.
19 a 25 aÃ±os,Me gusta,Me gusta,Me gustan demasiado,MÃ¡s de 6,MÃ¡s de 6,1 o 2,4,Primavera,12,20,3,30,5,4,6,Rojo,Azul,Perro,Gato,Rata,leer mangas,20/4/2022,EspaÃ±a,10:00:00 p.Â m.
19 a 25 aÃ±os,No tengo opiniÃ³n,No tengo opiniÃ³n,No tengo opiniÃ³n,3 a 5,MÃ¡s de 6,1 o 2,1,Verano,3,0,4,20,5,3,10,Azul,Rojo,Perro,Gato,Tigre,Compartir con mi cÃ­rculo cercano,12/3/1999,Ibiza,9:30:00 p.Â m.
19 a 25 aÃ±os,Me es indiferente,Me gusta,Me gusta,No uso este medio,MÃ¡s de 6,No uso este medio,4,Primavera,6,1,5,10,9,3,8,Rojo,Azul,Panda,Oso,Oso pardo,Jugar voleibol,19/12/2000,Dubai,9:00:00 p.Â m.
19 a 25 aÃ±os,Me es indiferente,Me gusta,Me gusta,MÃ¡s de 6,MÃ¡s de 6,No uso este medio,4,Verano,50,3,4,10,7,3,8,Celeste,Naranjo,leon,jaguar,tigre,,19/1/2022,JapÃ³n,5:00:00 p.Â m.
19 a 25 aÃ±os,Me gusta,Me gustan demasiado,Me gustan demasiado,No uso este medio,MÃ¡s de 6,No uso este medio,4,Primavera,15,4,6,10,10,3,7,Rojo,Azul,Monito del monte,Canguro,Koala,"Andar en bici, hacer ejercicio, hacer malabares, hacer musica",3/12/1998,Australia,8:00:00 p.Â m.
19 a 25 aÃ±os,No tengo opiniÃ³n,Me gustan demasiado,Me gusta,3 a 5,MÃ¡s de 6,1 o 2,4,Verano,15,10,3,30,6,3,3,Rojo,Azul,Perro,Gato,tigre,colo colo,31/12/2022,EspaÃ±a,8:00:00 p.Â m.
19 a 25 aÃ±os,Me es indiferente,Me gusta,Me gusta,MÃ¡s de 6,MÃ¡s de 6,No uso este medio,4,Verano,3,0,3,5,5,3,4,Rojo,Azul,Gato,Pantera,Guepardo,,2/2/1999,Italia,5:00:00 p.Â m.
19 a 25 aÃ±os,Me es indiferente,No tengo opiniÃ³n,No me gusta,Ninguna,MÃ¡s de 6,Ninguna,4,Primavera,4,8,2,3,12,3,7,Rojo,Azul,Gato,Perro,Rata,"Tocar instrumentos, salir de viaje, fotografÃ­a, idiomas",14/11/2002,Alemania,8:00:00 p.Â m.
19 a 25 aÃ±os,Me gustan demasiado,Me gustan demasiado,Me gusta,1 o 2,MÃ¡s de 6,No uso este medio,4,Primavera,12,5,3,3,9,3,3,Rojo,Amarillo,tigre,leopardo,Puma,"canto, bailo, tejo y leoğŸ˜¶y ando en patines, juego padel y futbol",14/9/2022,Italia,7:00:00 p.Â m.
19 a 25 aÃ±os,Me gusta,No tengo opiniÃ³n,Me gusta,Ninguna,3 a 5,1 o 2,4,OtoÃ±o,20,45,3,10,5,3,4,Rojo,Amarillo,Lobo,Perro,Gato,"Bailar, leer",13/6/2013,Grecia,4:30:00 a.Â m.
19 a 25 aÃ±os,Me gusta,Me gustan demasiado,Me gustan demasiado,MÃ¡s de 6,MÃ¡s de 6,No uso este medio,4,OtoÃ±o,10,10,3,3,10,3,5,Azul,Rojo,Elefante,jirafa,leon,jugar futbol,7/1/2022,Grecia,8:00:00 p.Â m.
19 a 25 aÃ±os,Me gusta,Me gusta,Me es indiferente,Ninguna,MÃ¡s de 6,3 a 5,4,Verano,10,4,3,20,3,3,4,Verde,Amarillo,lagarto,cocodrilo,dragon de comodo,tocar la guitarra,21/9/2022,Egipto,6:00:00 p.Â m.
19 a 25 aÃ±os,Me es indiferente,Me gusta,Me gustan demasiado,MÃ¡s de 6,MÃ¡s de 6,3 a 5,4,OtoÃ±o,6,20,3,20,16,3,100,Rojo,Azul,Vaca,Oveja,Gato,,11/11/2011,Holanda,6:00:00 p.Â m.
19 a 25 aÃ±os,No me gusta,Me gustan demasiado,Me gusta,1 o 2,3 a 5,No uso este medio,4,Primavera,24,1,2,110,9,3,4,Azul,Rojo,DelfÃ­n,pez,estrella de mar,,18/7/1810,Egipto,5:00:00 p.Â m.
19 a 25 aÃ±os,Me gusta,Me gustan demasiado,Me gustan demasiado,3 a 5,MÃ¡s de 6,MÃ¡s de 6,3,OtoÃ±o,10,5,3,30,4,3,3,Azul,Rojo,Perro,Gato,LeÃ³n,jugar play,12/8/1999,Noruega,9:00:00 p.Â m.
51 o mÃ¡s aÃ±os,Me es indiferente,Me gusta,No me gusta,Ninguna,MÃ¡s de 6,MÃ¡s de 6,4,Invierno,15,20,2,0,10,10,10,ninguno,ninguno,colibrÃ­,loica,pajaro carpintero,cocinar,3/11/2022,mÃ©xico,1:00:00 p.Â m.
26 a 35 aÃ±os,Me gusta,Me gusta,Me gustan demasiado,No uso este medio,MÃ¡s de 6,1 o 2,4,Primavera,5,7,1,0,5,3,5,Amarillo,Rojo,Perro,Gato,Tigre,Cocinar,25/11/2008,Francia,4:00:00 p.Â m.
19 a 25 aÃ±os,Me gustan demasiado,Me gustan demasiado,Me gusta,1 o 2,MÃ¡s de 6,1 o 2,4,OtoÃ±o,5,2,3,40,5,3,3,Rojo,Azul,tigre,leon,jirafa,,18/9/2018,Italia,9:00:00 p.Â m.
19 a 25 aÃ±os,Me gusta,Me gustan demasiado,Me gusta,3 a 5,MÃ¡s de 6,MÃ¡s de 6,3,Primavera,8,2,3,32,32,3,19,Rojo,Amarillo,tapir,oso hormiguero,hormigas,huerta,15/12/2022,colombia,7:30:00 p.Â m.
26 a 35 aÃ±os,No me gusta,Me gusta,Me gusta,1 o 2,3 a 5,MÃ¡s de 6,4,Primavera,10,2,3,2,7,4,5,Rojo,Azul,Perro,Gato,canario,futbol,24/12/2022,Italia,8:00:00 p.Â m.
19 a 25 aÃ±os,Me gusta,Me gustan demasiado,Me gusta,MÃ¡s de 6,MÃ¡s de 6,No uso este medio,4,Verano,10,1,3,8,8,3,8,Verde,Rojo,Perro,Gato,Rata,,15/2/2002,CanadÃ¡,8:00:00 p.Â m.
19 a 25 aÃ±os,No me gusta,No me gusta,Me gusta,Ninguna,MÃ¡s de 6,Ninguna,4,Verano,7,0,3,150,5,3,4,Rojo,Amarillo,pato,pollo,gallina,fÃºtbol,15/1/2023,peru,9:00:00 a.Â m.
19 a 25 aÃ±os,No tengo opiniÃ³n,Me gusta,Me gustan demasiado,MÃ¡s de 6,MÃ¡s de 6,No uso este medio,4,Primavera,5,10,8,25,10,3,5,Azul,Rojo,Perro,Gato,PÃ¡jaro,Trotar,13/12/2001,JapÃ³n,6:00:00 p.Â m.
19 a 25 aÃ±os,Me es indiferente,Me es indiferente,Me gusta,1 o 2,MÃ¡s de 6,3 a 5,4,OtoÃ±o,30,17,2,9,7,3,3,Amarillo,Rojo,Delfin,Ballena,Pez,,13/4/2023,CanadÃ¡,6:00:00 p.Â m.
19 a 25 aÃ±os,Me gustan demasiado,Me gustan demasiado,Me gustan demasiado,1 o 2,MÃ¡s de 6,1 o 2,4,Verano,2,20,5,18,7,3,10,Azul,Rojo,Lemur,Cebra,Leon,Tocar musica,18/9/2022,austria,7:30:00 p.Â m.
19 a 25 aÃ±os,Me gusta,Me gusta,Me gusta,1 o 2,MÃ¡s de 6,3 a 5,4,Primavera,5,3,3,10,6,3,2,Rojo,Azul,ballena,Pez,TiburÃ³n,,18/9/2021,JapÃ³n,10:00:00 p.Â m.
19 a 25 aÃ±os,No tengo opiniÃ³n,Me gustan demasiado,Me gustan demasiado,1 o 2,MÃ¡s de 6,Ninguna,2,Verano,12,7,2,18,4,3,3,Rojo,Morado,Jirafa,Elefante,Jabali,"Pintar, reposteria",31/12/2005,Australia,7:00:00 p.Â m.
19 a 25 aÃ±os,Me gusta,Me gustan demasiado,Me es indiferente,MÃ¡s de 6,3 a 5,3 a 5,3,OtoÃ±o,12,4,3,6,9,3,8,Verde,Rojo,capybara,marmota,ardilla,moto,18/9/2022,CanadÃ¡,8:00:00 p.Â m.
19 a 25 aÃ±os,Me gusta,Me gusta,Me es indiferente,1 o 2,1 o 2,Ninguna,4,Invierno,39,8,3,1,5,3,2,Amarillo,Verde,carpintero,carpinterito,tue-tuÃ©,"Anime, Vocaloid, Videojuegos",2/9/2035,JapÃ³n,11:00:00 a.Â m.
19 a 25 aÃ±os,Me gusta,Me gustan demasiado,No tengo opiniÃ³n,1 o 2,MÃ¡s de 6,No uso este medio,4,Verano,10,4,3,20,6,4,5,Rojo,Amarillo,cabra,oveja,abeja,"Halterofilia, series, leer",18/9/2019,Noruega,9:00:00 p.Â m.
19 a 25 aÃ±os,Me gusta,Me gustan demasiado,Me gustan demasiado,No uso este medio,1 o 2,No uso este medio,5,Invierno,5,45,4,0,5,2,2,Rojo,Azul,Gato,Tigre,Leon,"Leer manga, ver anime, trabajar en I.A.",1/1/5000,,5:00:00 a.Â m.
26 a 35 aÃ±os,Me gusta,Me gusta,Me es indiferente,1 o 2,MÃ¡s de 6,1 o 2,4,Invierno,8,2,7,3,9,3,9,Azul,Rojo,Gato,Tigre,Leon,Jugar videojuegos,21/9/2022,Alemania,8:00:00 p.Â m.
19 a 25 aÃ±os,Me gusta,Me gustan demasiado,Me gustan demasiado,No uso este medio,3 a 5,No uso este medio,3,OtoÃ±o,4,2,4,13,9,3,7,Amarillo,Rojo,zorro,Lobo,Perro,programar,10/12/2012,Alemania,6:00:00 p.Â m.
19 a 25 aÃ±os,No me gusta,Me gusta,Me gusta,Ninguna,3 a 5,Ninguna,3,Invierno,20,30,4,10,4,3,8,Azul,Amarillo,Perro,Lobo,tigre,jugar pc,18/9/2022,JapÃ³n,6:00:00 p.Â m.
19 a 25 aÃ±os,Me gustan demasiado,Me gusta,Me gustan demasiado,MÃ¡s de 6,MÃ¡s de 6,MÃ¡s de 6,4,Verano,5,2,2,4,3,3,3,Rojo,Azul,Perro,Gato,Rata,Hacer deporte,28/6/2000,Inglaterra,4:00:00 p.Â m.
19 a 25 aÃ±os,Me gustan demasiado,Me gustan demasiado,Me gusta,MÃ¡s de 6,MÃ¡s de 6,No uso este medio,4,Verano,10,0,2,3,4,3,3,Azul,Rojo,Perro,Gato,Cabra,Series,18/8/2022,Rusia,5:00:00 p.Â m.
19 a 25 aÃ±os,Me gusta,Me gusta,Me gusta,No uso este medio,MÃ¡s de 6,No uso este medio,3,Verano,12,8,4,20,7,3,4,Azul,Rojo,pollito,gallina,gallo,tomar fotos,24/12/2016,Grecia,8:00:00 p.Â m.
19 a 25 aÃ±os,No tengo opiniÃ³n,No tengo opiniÃ³n,No tengo opiniÃ³n,No uso este medio,MÃ¡s de 6,No uso este medio,4,OtoÃ±o,10,0,4,20,3,3,3,Rojo,Verde,koala,oso,abejas,ver series,17/4/1999,turquÃ­a,8:00:00 p.Â m.
19 a 25 aÃ±os,Me gusta,Me gusta,Me gustan demasiado,No uso este medio,MÃ¡s de 6,1 o 2,4,Verano,21,5,11,24,4,3,3,Azul,Rojo,Lobo,Perro,zorro,rugby y rainbow six siege,14/12/2011,Tailandia,9:00:00 p.Â m.
19 a 25 aÃ±os,Me gusta,Me gustan demasiado,Me gusta,3 a 5,MÃ¡s de 6,3 a 5,4,Verano,10,3,2,10,9,3,5,Rojo,Azul,Perro,Gato,Rata,tocar guitarra,20/4/2022,Egipto,10:00:00 a.Â m.